Designation,Region,Country
Clos de Tart,Burgundy,France
Coteaux du Languedoc,Languedoc-Roussillon,France
Auxey-Duresses,Burgundy,France
Muscat de Saint-Jean de Minervois,Languedoc-Roussillon,France
Moulis or Moulis-en-Médoc,Bordeaux,France
Costières de Nîmes,Rhône,France
Côtes du Jura,Jura,France
Fleurie,Beaujolais,France
Côte Roannaise,Loire,France
Coteaux de Pierrevert,Provence,France
Crémant du Jura,Jura,France
Anjou,Loire,France
Muscat de Mireval,Languedoc-Roussillon,France
Saint-Amour,Beaujolais,France
Saint-Sardos,South West France,France
Coteaux Champenois,Champagne,France
Nuits-Saint-Georges,Burgundy,France
Anjou-Gamay,Loire,France
Vosne-Romanée,Burgundy,France
Coteaux de l'Aubance,Loire,France
Sauternes,Bordeaux,France
Jurançon,South West France,France
Beaujolais,Beaujolais,France
Coteaux du Tricastin,Rhône,France
Coteaux d'Aix-en-Provence,Provence,France
Saint-Pourçain,Loire,France
Crémant de Bordeaux,Bordeaux,France
Lirac,Rhône,France
Chevalier-Montrachet,Burgundy,France
Albana di Romagna,Emilia-Romagna,Italy
Franciacorta,Lombardia,Italy
Barbaresco,Piedmont,Italy
Gattinara,Piedmont,Italy
Barbera d'Asti,Piedmont,Italy
Moscato di Scanzo,Lombardia,Italy
Oltrepo Pavese Metodo Classico,Lombardia,Italy
Soave Superiore,Veneto,Italy
Conegliano Valdobbiadene Prosecco,Veneto,Italy
Dolcetto di Dogliani Superiore,Piedmont,Italy
Colline Teramane Montepulciano d'Abruzzo,Abruzzo,Italy
Cannellino di Frascati,Lazio,Italy
Cesanese del Piglio,Lazio,Italy
Frascati Superiore,Lazio,Italy
Brunello di Montalcino,Toscana,Italy
Chianti Classico,Toscana,Italy
Vernaccia di San Gimignano,Toscana,Italy
Sagrantino di Montefalco,Umbria,Italy
Torgiano Rosso Riserva,Umbria,Italy
Elba Aleatico Passito,Toscana,Italy
Aglianico del Vulture Superiore,Basilicata,Italy
Aglianico del Taburno,Campania,Italy
Fiano di Avellino,Campania,Italy
Greco di Tufo,Campania,Italy
Taurasi,Campania,Italy
Castel del Monte Bombino Nero,Puglia,Italy
Castel del Monte Nero di Troia Reserva,Puglia,Italy
Castel del Monte Rosso Riserva,Puglia,Italy
Primitivo di Manduria Dolce Naturale,Puglia,Italy
Vermentino di Gallura,Sardinia,Italy
Condado de Huelva,Andalusia,Spain
Granada,Andalusia,Spain
Jerez-Xeres-Sherry,Andalusia,Spain
Lebrija,Andalusia,Spain
Málaga,Andalusia,Spain
Manzanilla-Sanlúcar de Barrameda,Andalusia,Spain
Montilla-Moriles,Andalusia,Spain
Sierras de Málaga,Andalusia,Spain
Calatayud,Aragon,Spain
Campo de Borja,Aragon,Spain
Cariñena,Aragon,Spain
Somontano,Aragon,Spain
Cava,Multi-regional,Spain
Arlanza,Castile and León,Spain
Arribes,Castile and León,Spain
Bierzo,Castile and León,Spain
Cigales,Castile and León,Spain
Ribera del Duero,Castile and León,Spain
Rueda,Castile and León,Spain
Alella,Catalonia,Spain
Conca de Barberà,Catalonia,Spain
Costers del Segre,Catalonia,Spain
Empordà,Catalonia,Spain
Montsant,Catalonia,Spain
Penedès,Catalonia,Spain
Priorat,Catalonia,Spain
Terra Alta,Catalonia,Spain
Rías Baixas,Galicia,Spain
Ribeira Sacra,Galicia,Spain
Ribeiro,Galicia,Spain
Valdeorras,Galicia,Spain
Classic Vineyard 612,Rheingau,Germany
Select Vineyard 489,Salta,Argentina
Reserve Cuvée 881,Colchagua Valley,Chile
Vintage Cuvée 579,Maipo Valley,Chile
Grand Cru Blend 638,Casablanca Valley,Chile
Classic Estate 817,Mosel,Germany
Select Blend 309,Pfalz,Germany
Grand Cru Cuvée 654,Alentejo,Portugal
Vintage Blend 947,Patagonia,Argentina
Classic Vineyard 944,Patagonia,Argentina
Vintage Estate 311,Rheingau,Germany
Grand Cru Estate 356,Colchagua Valley,Chile
Vintage Blend 285,Mendoza,Argentina
Classic Estate 273,Maipo Valley,Chile
Select Vineyard 306,Patagonia,Argentina
Select Cuvée 666,Hunter Valley,Australia
Grand Cru Valley 503,Mendoza,Argentina
Reserve Blend 295,Maipo Valley,Chile
Classic Valley 142,Hunter Valley,Australia
Reserve Estate 473,Pfalz,Germany
Classic Estate 270,Pfalz,Germany
Reserve Cuvée 461,Maipo Valley,Chile
Vintage Valley 151,Patagonia,Argentina
Vintage Cuvée 260,Colchagua Valley,Chile
Select Vineyard 165,Yarra Valley,Australia
Grand Cru Blend 881,Patagonia,Argentina
Grand Cru Vineyard 642,Salta,Argentina
Reserve Cuvée 124,Yarra Valley,Australia
Classic Valley 286,Alentejo,Portugal
Vintage Vineyard 218,Patagonia,Argentina
Select Estate 351,Salta,Argentina
Reserve Vineyard 485,Maipo Valley,Chile
Grand Cru Estate 904,Salta,Argentina
Grand Cru Vineyard 174,Patagonia,Argentina
Select Cuvée 683,Madeira,Portugal
Classic Valley 516,Mendoza,Argentina
Reserve Blend 279,Patagonia,Argentina
Vintage Blend 141,Douro,Portugal
Select Estate 267,Mendoza,Argentina
Select Estate 551,Hunter Valley,Australia
Classic Cuvée 998,Yarra Valley,Australia
Classic Estate 953,Salta,Argentina
Classic Estate 125,Patagonia,Argentina
Select Blend 637,Rheingau,Germany
Classic Blend 619,Mendoza,Argentina
Vintage Vineyard 837,Casablanca Valley,Chile
Classic Cuvée 286,Maipo Valley,Chile
Classic Vineyard 850,Madeira,Portugal
Grand Cru Vineyard 734,Mendoza,Argentina
Vintage Vineyard 982,Salta,Argentina
Classic Cuvée 211,Yarra Valley,Australia
Grand Cru Blend 143,Mendoza,Argentina
Grand Cru Valley 884,Barossa Valley,Australia
Grand Cru Valley 303,Madeira,Portugal
Vintage Cuvée 917,Madeira,Portugal
Reserve Vineyard 613,Pfalz,Germany
Reserve Estate 227,Casablanca Valley,Chile
Vintage Blend 148,Mendoza,Argentina
Select Cuvée 925,Rheingau,Germany
Classic Blend 790,Patagonia,Argentina
Select Blend 221,Mendoza,Argentina
Grand Cru Vineyard 486,Maipo Valley,Chile
Select Estate 104,Casablanca Valley,Chile
Classic Blend 466,Pfalz,Germany
Classic Vineyard 931,Mendoza,Argentina
Reserve Vineyard 751,Casablanca Valley,Chile
Classic Valley 272,Patagonia,Argentina
Reserve Vineyard 205,Patagonia,Argentina
Select Estate 339,Alentejo,Portugal
Grand Cru Valley 878,Colchagua Valley,Chile
Grand Cru Cuvée 320,Barossa Valley,Australia
Classic Valley 909,Hunter Valley,Australia
Reserve Vineyard 178,Casablanca Valley,Chile
Classic Cuvée 269,Madeira,Portugal
Reserve Estate 706,Mosel,Germany
Select Vineyard 223,Hunter Valley,Australia
Select Estate 473,Barossa Valley,Australia
Grand Cru Estate 241,Maipo Valley,Chile
Vintage Estate 706,Casablanca Valley,Chile
Reserve Cuvée 427,Hunter Valley,Australia
Classic Estate 685,Mendoza,Argentina
Vintage Valley 831,Alentejo,Portugal
Select Blend 976,Patagonia,Argentina
Grand Cru Vineyard 142,Mosel,Germany
Vintage Valley 550,Pfalz,Germany
Classic Valley 660,Madeira,Portugal
Grand Cru Vineyard 942,Pfalz,Germany
Classic Vineyard 903,Maipo Valley,Chile
Grand Cru Valley 991,Yarra Valley,Australia
Classic Cuvée 658,Barossa Valley,Australia
Vintage Valley 632,Mendoza,Argentina
Select Blend 121,Casablanca Valley,Chile
Grand Cru Blend 147,Douro,Portugal
Grand Cru Estate 547,Yarra Valley,Australia
Select Valley 593,Salta,Argentina
Vintage Blend 421,Salta,Argentina
Select Vineyard 233,Barossa Valley,Australia
Vintage Valley 148,Salta,Argentina
Grand Cru Vineyard 756,Madeira,Portugal
Vintage Cuvée 498,Douro,Portugal
Vintage Estate 224,Alentejo,Portugal
Grand Cru Estate 865,Salta,Argentina
Vintage Cuvée 922,Salta,Argentina
Reserve Estate 399,Madeira,Portugal
Select Cuvée 644,Maipo Valley,Chile
Grand Cru Blend 340,Maipo Valley,Chile
Vintage Cuvée 355,Madeira,Portugal
Reserve Valley 425,Mosel,Germany
Classic Valley 220,Mendoza,Argentina
Grand Cru Valley 119,Pfalz,Germany
Vintage Cuvée 403,Hunter Valley,Australia
Select Estate 521,Colchagua Valley,Chile
Vintage Blend 834,Alentejo,Portugal
Classic Estate 279,Madeira,Portugal
Vintage Cuvée 826,Rheingau,Germany
Vintage Blend 206,Hunter Valley,Australia
Vintage Valley 530,Mendoza,Argentina
Grand Cru Cuvée 156,Madeira,Portugal
Select Estate 422,Colchagua Valley,Chile
Vintage Blend 134,Rheingau,Germany
Classic Vineyard 704,Salta,Argentina
Vintage Vineyard 731,Douro,Portugal
Select Vineyard 644,Alentejo,Portugal
Select Valley 674,Douro,Portugal
Grand Cru Cuvée 113,Patagonia,Argentina
Vintage Blend 572,Patagonia,Argentina
Grand Cru Valley 413,Rheingau,Germany
Grand Cru Valley 231,Barossa Valley,Australia
Grand Cru Estate 725,Alentejo,Portugal
Reserve Vineyard 665,Maipo Valley,Chile
Grand Cru Vineyard 561,Mendoza,Argentina
Grand Cru Estate 406,Douro,Portugal
Reserve Blend 208,Madeira,Portugal
Select Vineyard 402,Mosel,Germany
Reserve Valley 134,Casablanca Valley,Chile
Reserve Valley 262,Yarra Valley,Australia
Classic Estate 170,Casablanca Valley,Chile
Vintage Vineyard 142,Mosel,Germany
Classic Cuvée 346,Pfalz,Germany
Grand Cru Vineyard 230,Barossa Valley,Australia
Grand Cru Estate 631,Mosel,Germany
Vintage Estate 632,Rheingau,Germany
Reserve Estate 273,Colchagua Valley,Chile
Classic Valley 647,Hunter Valley,Australia
Vintage Estate 343,Alentejo,Portugal
Select Estate 969,Yarra Valley,Australia
Vintage Cuvée 655,Patagonia,Argentina
Select Vineyard 429,Madeira,Portugal
Classic Cuvée 978,Yarra Valley,Australia
Grand Cru Blend 615,Barossa Valley,Australia
Grand Cru Estate 485,Mosel,Germany
Select Vineyard 317,Alentejo,Portugal
Grand Cru Estate 514,Pfalz,Germany
Classic Cuvée 130,Douro,Portugal
Reserve Vineyard 675,Yarra Valley,Australia
Classic Cuvée 575,Madeira,Portugal
Vintage Blend 518,Rheingau,Germany
Classic Vineyard 708,Salta,Argentina
Classic Valley 614,Casablanca Valley,Chile
Select Blend 447,Yarra Valley,Australia
Select Valley 863,Salta,Argentina
Grand Cru Cuvée 507,Douro,Portugal
Vintage Vineyard 329,Barossa Valley,Australia
Grand Cru Valley 461,Douro,Portugal
Reserve Estate 250,Mosel,Germany
Vintage Blend 805,Mendoza,Argentina
Reserve Blend 430,Maipo Valley,Chile
Classic Estate 336,Rheingau,Germany
Select Blend 503,Patagonia,Argentina
Classic Estate 183,Yarra Valley,Australia
Select Vineyard 890,Pfalz,Germany
Reserve Valley 955,Casablanca Valley,Chile
Classic Vineyard 376,Douro,Portugal
Reserve Valley 280,Hunter Valley,Australia
Reserve Cuvée 474,Salta,Argentina
Vintage Vineyard 204,Patagonia,Argentina
Classic Vineyard 915,Yarra Valley,Australia
Vintage Vineyard 416,Barossa Valley,Australia
Select Estate 944,Hunter Valley,Australia
Classic Blend 569,Mosel,Germany
Vintage Valley 660,Rheingau,Germany
Vintage Blend 296,Madeira,Portugal
Vintage Estate 678,Rheingau,Germany
Select Estate 746,Salta,Argentina
Reserve Vineyard 600,Pfalz,Germany
Grand Cru Blend 442,Rheingau,Germany
Select Estate 664,Barossa Valley,Australia
Select Estate 191,Pfalz,Germany
Reserve Estate 982,Mendoza,Argentina
Select Cuvée 521,Salta,Argentina
Vintage Vineyard 365,Patagonia,Argentina
Classic Valley 960,Barossa Valley,Australia
Vintage Blend 217,Mosel,Germany
Vintage Valley 800,Mosel,Germany
Grand Cru Blend 630,Salta,Argentina
Classic Estate 341,Maipo Valley,Chile
Vintage Valley 286,Salta,Argentina
Classic Blend 257,Alentejo,Portugal
Vintage Estate 207,Douro,Portugal
Classic Estate 171,Rheingau,Germany
Reserve Vineyard 726,Colchagua Valley,Chile
Classic Vineyard 871,Mendoza,Argentina
Select Estate 920,Casablanca Valley,Chile
Select Vineyard 901,Douro,Portugal
Select Cuvée 658,Madeira,Portugal
Grand Cru Cuvée 868,Casablanca Valley,Chile
Reserve Cuvée 298,Douro,Portugal
Classic Estate 511,Salta,Argentina
Reserve Vineyard 946,Barossa Valley,Australia
Classic Vineyard 770,Patagonia,Argentina
Classic Vineyard 332,Mosel,Germany
Classic Estate 223,Salta,Argentina
Vintage Estate 268,Mendoza,Argentina
Vintage Cuvée 408,Pfalz,Germany
Vintage Valley 633,Colchagua Valley,Chile
Vintage Blend 789,Mosel,Germany
Reserve Estate 582,Casablanca Valley,Chile
Select Blend 332,Douro,Portugal
Classic Vineyard 122,Hunter Valley,Australia
Select Estate 857,Hunter Valley,Australia
Grand Cru Valley 636,Mosel,Germany
Reserve Vineyard 129,Patagonia,Argentina
Vintage Estate 322,Mendoza,Argentina
Grand Cru Valley 474,Colchagua Valley,Chile
Select Blend 456,Patagonia,Argentina
Vintage Valley 498,Maipo Valley,Chile
Select Blend 468,Mendoza,Argentina
Grand Cru Blend 743,Salta,Argentina
Grand Cru Cuvée 818,Salta,Argentina
Vintage Vineyard 567,Mendoza,Argentina
Grand Cru Vineyard 680,Patagonia,Argentina
Grand Cru Cuvée 927,Mendoza,Argentina
Reserve Estate 907,Alentejo,Portugal
Select Blend 233,Maipo Valley,Chile
Select Blend 192,Barossa Valley,Australia
Select Vineyard 193,Alentejo,Portugal
Vintage Blend 143,Pfalz,Germany
Select Cuvée 960,Casablanca Valley,Chile
Vintage Cuvée 660,Colchagua Valley,Chile
Vintage Valley 719,Casablanca Valley,Chile
Vintage Estate 449,Maipo Valley,Chile
Classic Vineyard 245,Barossa Valley,Australia
Select Blend 203,Colchagua Valley,Chile
Select Valley 990,Rheingau,Germany
Grand Cru Cuvée 996,Alentejo,Portugal
Reserve Blend 537,Hunter Valley,Australia
Reserve Blend 257,Pfalz,Germany
Select Estate 302,Rheingau,Germany
Vintage Blend 275,Mendoza,Argentina
Classic Cuvée 388,Mendoza,Argentina
Reserve Valley 603,Madeira,Portugal
Vintage Valley 575,Casablanca Valley,Chile
Vintage Cuvée 817,Casablanca Valley,Chile
Vintage Cuvée 847,Salta,Argentina
Reserve Vineyard 845,Patagonia,Argentina
Vintage Valley 605,Douro,Portugal
Reserve Valley 988,Rheingau,Germany
Grand Cru Blend 785,Colchagua Valley,Chile
Select Estate 207,Patagonia,Argentina
Select Cuvée 965,Mendoza,Argentina
Vintage Estate 266,Hunter Valley,Australia
Classic Estate 418,Casablanca Valley,Chile
Select Cuvée 600,Rheingau,Germany
Grand Cru Valley 923,Alentejo,Portugal
Classic Valley 245,Colchagua Valley,Chile
Classic Vineyard 848,Casablanca Valley,Chile
Classic Cuvée 676,Casablanca Valley,Chile
Classic Blend 930,Alentejo,Portugal
Grand Cru Blend 935,Mendoza,Argentina
Classic Cuvée 627,Mosel,Germany
Select Valley 704,Rheingau,Germany
Vintage Blend 723,Maipo Valley,Chile
Grand Cru Cuvée 976,Colchagua Valley,Chile
Grand Cru Vineyard 282,Alentejo,Portugal
Vintage Estate 611,Salta,Argentina
Reserve Valley 800,Madeira,Portugal
Select Vineyard 386,Yarra Valley,Australia
Grand Cru Estate 967,Madeira,Portugal
Classic Vineyard 918,Maipo Valley,Chile
Select Estate 334,Patagonia,Argentina
Grand Cru Estate 281,Pfalz,Germany
Grand Cru Valley 514,Douro,Portugal
Vintage Cuvée 609,Casablanca Valley,Chile
Grand Cru Valley 630,Barossa Valley,Australia
Classic Cuvée 201,Patagonia,Argentina
Select Vineyard 201,Mendoza,Argentina
Vintage Valley 975,Mosel,Germany
Reserve Estate 661,Barossa Valley,Australia
Classic Blend 592,Douro,Portugal
Grand Cru Valley 347,Maipo Valley,Chile
Reserve Estate 451,Maipo Valley,Chile
Classic Estate 772,Mosel,Germany
Reserve Vineyard 434,Douro,Portugal
Classic Vineyard 812,Yarra Valley,Australia
Vintage Valley 245,Pfalz,Germany
Grand Cru Cuvée 904,Salta,Argentina
Select Vineyard 992,Patagonia,Argentina
Select Valley 450,Mosel,Germany
Classic Cuvée 843,Casablanca Valley,Chile
Classic Estate 913,Mendoza,Argentina
Reserve Blend 794,Alentejo,Portugal
Classic Blend 773,Mendoza,Argentina
Vintage Estate 477,Maipo Valley,Chile
Select Blend 709,Douro,Portugal
Vintage Vineyard 429,Mendoza,Argentina
Grand Cru Estate 317,Mosel,Germany
Reserve Blend 436,Salta,Argentina
Vintage Estate 584,Rheingau,Germany
Reserve Vineyard 244,Patagonia,Argentina
Grand Cru Cuvée 560,Casablanca Valley,Chile
Reserve Cuvée 494,Salta,Argentina
Reserve Vineyard 429,Rheingau,Germany
Grand Cru Valley 299,Mosel,Germany
Classic Cuvée 780,Pfalz,Germany
Classic Blend 232,Mendoza,Argentina
Vintage Blend 433,Yarra Valley,Australia
Select Cuvée 956,Patagonia,Argentina
Classic Cuvée 841,Barossa Valley,Australia
Grand Cru Vineyard 619,Alentejo,Portugal
Grand Cru Vineyard 746,Salta,Argentina
Reserve Blend 409,Mendoza,Argentina
Select Estate 569,Pfalz,Germany
Vintage Cuvée 858,Colchagua Valley,Chile
Reserve Cuvée 437,Barossa Valley,Australia
Reserve Valley 963,Mendoza,Argentina
Classic Valley 370,Mosel,Germany
Classic Valley 739,Rheingau,Germany
Grand Cru Blend 946,Mosel,Germany
Select Valley 562,Salta,Argentina
Reserve Blend 534,Douro,Portugal
Classic Blend 998,Barossa Valley,Australia
Vintage Vineyard 912,Mendoza,Argentina
Grand Cru Vineyard 969,Casablanca Valley,Chile
Vintage Estate 549,Mendoza,Argentina
Select Cuvée 327,Rheingau,Germany
Reserve Blend 915,Mosel,Germany
Classic Valley 121,Patagonia,Argentina
Classic Cuvée 562,Mendoza,Argentina
Select Vineyard 627,Salta,Argentina
Grand Cru Vineyard 958,Maipo Valley,Chile
Reserve Cuvée 948,Yarra Valley,Australia
Reserve Cuvée 565,Pfalz,Germany
Classic Vineyard 233,Colchagua Valley,Chile
Select Valley 197,Mendoza,Argentina
Classic Blend 121,Barossa Valley,Australia
Vintage Cuvée 258,Barossa Valley,Australia
Select Blend 806,Maipo Valley,Chile
Select Valley 130,Barossa Valley,Australia
Classic Vineyard 719,Patagonia,Argentina
Reserve Valley 499,Hunter Valley,Australia
Classic Valley 255,Mendoza,Argentina
Grand Cru Cuvée 949,Hunter Valley,Australia
Select Vineyard 106,Patagonia,Argentina
Vintage Cuvée 614,Maipo Valley,Chile
Classic Valley 540,Douro,Portugal
Reserve Estate 504,Mendoza,Argentina
Vintage Estate 428,Alentejo,Portugal
Reserve Vineyard 241,Madeira,Portugal
Select Valley 209,Hunter Valley,Australia
Reserve Cuvée 764,Colchagua Valley,Chile
Classic Cuvée 859,Hunter Valley,Australia
Reserve Valley 495,Madeira,Portugal
Reserve Cuvée 762,Alentejo,Portugal
Reserve Blend 627,Douro,Portugal
Select Blend 460,Mosel,Germany
Select Valley 613,Patagonia,Argentina
Grand Cru Cuvée 267,Patagonia,Argentina
Reserve Valley 916,Douro,Portugal
Select Blend 573,Yarra Valley,Australia
Vintage Estate 580,Salta,Argentina
Classic Blend 305,Barossa Valley,Australia
Reserve Vineyard 582,Maipo Valley,Chile
Classic Estate 782,Hunter Valley,Australia
Vintage Cuvée 688,Pfalz,Germany
Select Vineyard 255,Salta,Argentina
Reserve Vineyard 397,Hunter Valley,Australia
Grand Cru Cuvée 513,Patagonia,Argentina
Grand Cru Estate 882,Casablanca Valley,Chile
Grand Cru Cuvée 633,Rheingau,Germany
Reserve Valley 575,Mosel,Germany
Vintage Valley 491,Yarra Valley,Australia
Select Blend 279,Mendoza,Argentina
Classic Cuvée 180,Hunter Valley,Australia
Classic Blend 896,Pfalz,Germany
Reserve Vineyard 583,Colchagua Valley,Chile
Reserve Cuvée 505,Salta,Argentina
Select Blend 171,Mendoza,Argentina
Vintage Estate 755,Douro,Portugal
Vintage Vineyard 346,Barossa Valley,Australia
Vintage Valley 881,Patagonia,Argentina
Vintage Blend 751,Hunter Valley,Australia
Classic Vineyard 312,Mendoza,Argentina
Grand Cru Valley 963,Mendoza,Argentina
Reserve Valley 198,Hunter Valley,Australia
Classic Estate 708,Yarra Valley,Australia
Select Blend 566,Mosel,Germany
Classic Vineyard 953,Pfalz,Germany
Classic Cuvée 244,Douro,Portugal
Classic Cuvée 331,Mosel,Germany
Reserve Valley 854,Alentejo,Portugal
Classic Vineyard 194,Madeira,Portugal
Vintage Vineyard 715,Pfalz,Germany
Classic Cuvée 134,Hunter Valley,Australia
Classic Estate 359,Pfalz,Germany
Reserve Vineyard 400,Colchagua Valley,Chile
Select Cuvée 394,Madeira,Portugal
Select Blend 628,Mosel,Germany
Vintage Vineyard 240,Patagonia,Argentina
Vintage Vineyard 949,Maipo Valley,Chile
Grand Cru Estate 440,Hunter Valley,Australia
Vintage Cuvée 325,Casablanca Valley,Chile
Reserve Estate 682,Yarra Valley,Australia
Vintage Valley 287,Yarra Valley,Australia
Vintage Valley 631,Mosel,Germany
Vintage Cuvée 563,Patagonia,Argentina
Vintage Valley 806,Yarra Valley,Australia
Classic Blend 193,Douro,Portugal
Classic Blend 747,Patagonia,Argentina
Select Vineyard 550,Salta,Argentina
Classic Cuvée 418,Colchagua Valley,Chile
Select Vineyard 635,Colchagua Valley,Chile
Grand Cru Valley 153,Colchagua Valley,Chile
Classic Valley 273,Douro,Portugal
Reserve Blend 239,Yarra Valley,Australia
Vintage Vineyard 556,Yarra Valley,Australia
Reserve Cuvée 846,Mendoza,Argentina
Select Cuvée 632,Pfalz,Germany
Grand Cru Estate 630,Mendoza,Argentina
Grand Cru Estate 657,Douro,Portugal
Classic Blend 118,Alentejo,Portugal
Select Estate 932,Alentejo,Portugal
Select Blend 695,Maipo Valley,Chile
Grand Cru Vineyard 844,Colchagua Valley,Chile
Vintage Cuvée 739,Douro,Portugal
Classic Estate 458,Colchagua Valley,Chile
Vintage Blend 715,Patagonia,Argentina
Select Estate 774,Casablanca Valley,Chile
Select Cuvée 398,Mendoza,Argentina
Vintage Estate 493,Barossa Valley,Australia
Vintage Valley 192,Maipo Valley,Chile
Select Estate 631,Mosel,Germany
Select Valley 671,Alentejo,Portugal
Select Valley 492,Barossa Valley,Australia
Select Blend 391,Douro,Portugal
Classic Vineyard 610,Barossa Valley,Australia
Vintage Vineyard 866,Mosel,Germany
Classic Blend 363,Mosel,Germany
Vintage Blend 278,Barossa Valley,Australia
Reserve Blend 325,Salta,Argentina
Select Blend 527,Yarra Valley,Australia
Select Valley 928,Douro,Portugal
Grand Cru Blend 928,Maipo Valley,Chile
Vintage Estate 861,Madeira,Portugal
Reserve Cuvée 774,Mendoza,Argentina
Grand Cru Blend 717,Barossa Valley,Australia
Classic Cuvée 163,Rheingau,Germany
Vintage Vineyard 542,Douro,Portugal
Vintage Estate 301,Rheingau,Germany
Classic Cuvée 764,Colchagua Valley,Chile
Classic Vineyard 636,Patagonia,Argentina
Select Cuvée 427,Rheingau,Germany
Classic Vineyard 611,Alentejo,Portugal
Grand Cru Cuvée 461,Rheingau,Germany
Vintage Blend 978,Mosel,Germany
Select Cuvée 183,Yarra Valley,Australia
Reserve Blend 570,Salta,Argentina
Select Estate 584,Rheingau,Germany
Vintage Estate 157,Barossa Valley,Australia
Vintage Valley 997,Alentejo,Portugal
Reserve Blend 870,Madeira,Portugal
Select Valley 681,Pfalz,Germany
Grand Cru Estate 737,Pfalz,Germany
Classic Cuvée 166,Alentejo,Portugal
Vintage Estate 995,Douro,Portugal
Vintage Valley 441,Mendoza,Argentina
Reserve Cuvée 914,Mosel,Germany
Grand Cru Valley 218,Douro,Portugal
Select Valley 196,Alentejo,Portugal
Reserve Valley 761,Salta,Argentina
Vintage Blend 878,Barossa Valley,Australia
Reserve Estate 762,Alentejo,Portugal
Classic Cuvée 158,Mendoza,Argentina
Classic Cuvée 293,Patagonia,Argentina
Vintage Estate 620,Colchagua Valley,Chile
Vintage Valley 431,Douro,Portugal
Vintage Estate 332,Hunter Valley,Australia
Vintage Valley 929,Mendoza,Argentina
Vintage Vineyard 428,Mendoza,Argentina
Classic Vineyard 690,Alentejo,Portugal
Classic Valley 598,Patagonia,Argentina
Reserve Valley 276,Mosel,Germany
Classic Blend 957,Madeira,Portugal
Vintage Vineyard 937,Maipo Valley,Chile
Grand Cru Valley 296,Barossa Valley,Australia
Select Cuvée 174,Mosel,Germany
Classic Cuvée 407,Rheingau,Germany
Grand Cru Valley 228,Maipo Valley,Chile
Grand Cru Blend 847,Yarra Valley,Australia
Classic Vineyard 792,Barossa Valley,Australia
Select Vineyard 693,Rheingau,Germany
Reserve Cuvée 814,Mosel,Germany
Grand Cru Blend 472,Pfalz,Germany
Select Cuvée 798,Mendoza,Argentina
Reserve Cuvée 240,Hunter Valley,Australia
Classic Cuvée 608,Rheingau,Germany
Vintage Vineyard 399,Rheingau,Germany
Select Valley 366,Pfalz,Germany
Reserve Cuvée 114,Madeira,Portugal
Vintage Blend 801,Rheingau,Germany
Classic Valley 512,Mosel,Germany
Grand Cru Estate 335,Barossa Valley,Australia
Reserve Cuvée 414,Douro,Portugal
Vintage Valley 817,Yarra Valley,Australia
Reserve Blend 532,Patagonia,Argentina
Vintage Estate 250,Mosel,Germany
Classic Vineyard 162,Mendoza,Argentina
Grand Cru Blend 827,Salta,Argentina
Grand Cru Vineyard 910,Barossa Valley,Australia
Classic Vineyard 420,Pfalz,Germany
Select Blend 538,Patagonia,Argentina
Select Blend 429,Yarra Valley,Australia
Vintage Valley 597,Madeira,Portugal
Reserve Cuvée 758,Douro,Portugal
Classic Estate 198,Rheingau,Germany
Classic Estate 887,Mendoza,Argentina
Grand Cru Valley 323,Casablanca Valley,Chile
Vintage Vineyard 739,Alentejo,Portugal
Classic Valley 895,Casablanca Valley,Chile
Vintage Cuvée 586,Yarra Valley,Australia
Reserve Blend 920,Patagonia,Argentina
Reserve Blend 883,Salta,Argentina
Vintage Vineyard 357,Yarra Valley,Australia
Reserve Cuvée 844,Barossa Valley,Australia
Classic Cuvée 241,Pfalz,Germany
Reserve Blend 173,Alentejo,Portugal
Reserve Valley 423,Pfalz,Germany
Select Estate 621,Hunter Valley,Australia
Classic Valley 161,Mosel,Germany
Reserve Estate 744,Maipo Valley,Chile
Reserve Estate 145,Salta,Argentina
Classic Cuvée 885,Maipo Valley,Chile
Reserve Estate 867,Hunter Valley,Australia
Vintage Cuvée 751,Maipo Valley,Chile
Select Blend 828,Mosel,Germany
Grand Cru Cuvée 895,Hunter Valley,Australia
Reserve Valley 531,Colchagua Valley,Chile
Select Valley 874,Patagonia,Argentina
Select Vineyard 134,Mosel,Germany
Grand Cru Vineyard 783,Madeira,Portugal
Grand Cru Vineyard 909,Mendoza,Argentina
Reserve Vineyard 433,Maipo Valley,Chile
Classic Blend 494,Yarra Valley,Australia
Classic Valley 884,Alentejo,Portugal
Classic Blend 872,Yarra Valley,Australia
Vintage Valley 725,Salta,Argentina
Grand Cru Blend 409,Mendoza,Argentina
Grand Cru Estate 689,Yarra Valley,Australia
Vintage Valley 879,Madeira,Portugal
Select Vineyard 160,Douro,Portugal
Grand Cru Cuvée 886,Pfalz,Germany
Classic Vineyard 814,Colchagua Valley,Chile
Grand Cru Estate 788,Alentejo,Portugal
Vintage Blend 938,Casablanca Valley,Chile
Grand Cru Estate 591,Patagonia,Argentina
Classic Blend 548,Colchagua Valley,Chile
Grand Cru Estate 338,Douro,Portugal
Select Estate 143,Casablanca Valley,Chile
Vintage Estate 846,Maipo Valley,Chile
Vintage Valley 791,Alentejo,Portugal
Select Blend 176,Rheingau,Germany
Select Blend 304,Barossa Valley,Australia
Vintage Valley 359,Patagonia,Argentina
Reserve Cuvée 302,Salta,Argentina
Vintage Cuvée 580,Mendoza,Argentina
Select Vineyard 621,Yarra Valley,Australia
Classic Valley 316,Hunter Valley,Australia
Vintage Cuvée 698,Alentejo,Portugal
Select Blend 868,Salta,Argentina
Vintage Cuvée 867,Mendoza,Argentina
Classic Valley 592,Rheingau,Germany
Vintage Valley 400,Yarra Valley,Australia
Classic Vineyard 956,Colchagua Valley,Chile
Select Estate 957,Casablanca Valley,Chile
Select Estate 517,Salta,Argentina
Reserve Vineyard 762,Yarra Valley,Australia
Vintage Valley 755,Barossa Valley,Australia
Reserve Cuvée 800,Madeira,Portugal
Grand Cru Blend 167,Yarra Valley,Australia
Grand Cru Vineyard 592,Yarra Valley,Australia
Grand Cru Estate 357,Casablanca Valley,Chile
Reserve Cuvée 726,Madeira,Portugal
Select Cuvée 114,Salta,Argentina
Classic Vineyard 241,Casablanca Valley,Chile
Select Cuvée 736,Mendoza,Argentina
Reserve Blend 968,Yarra Valley,Australia
Reserve Estate 246,Pfalz,Germany
Classic Blend 989,Maipo Valley,Chile
Classic Blend 765,Colchagua Valley,Chile
Grand Cru Valley 554,Douro,Portugal
Vintage Valley 767,Rheingau,Germany
Classic Cuvée 921,Patagonia,Argentina
Select Valley 504,Yarra Valley,Australia
Classic Valley 546,Casablanca Valley,Chile
Reserve Vineyard 770,Madeira,Portugal
Grand Cru Valley 556,Patagonia,Argentina
Reserve Blend 209,Pfalz,Germany
Reserve Blend 394,Rheingau,Germany
Reserve Cuvée 389,Douro,Portugal
Classic Vineyard 930,Salta,Argentina
Grand Cru Valley 827,Douro,Portugal
Vintage Cuvée 555,Pfalz,Germany
Classic Cuvée 399,Casablanca Valley,Chile
Grand Cru Valley 199,Yarra Valley,Australia
Classic Valley 270,Barossa Valley,Australia
Select Vineyard 169,Hunter Valley,Australia
Vintage Estate 941,Barossa Valley,Australia
Reserve Valley 660,Maipo Valley,Chile
Select Cuvée 608,Madeira,Portugal
Vintage Estate 814,Alentejo,Portugal
Reserve Cuvée 325,Pfalz,Germany
Grand Cru Cuvée 628,Casablanca Valley,Chile
Classic Estate 657,Hunter Valley,Australia
Classic Blend 734,Patagonia,Argentina
Classic Cuvée 771,Mosel,Germany
Classic Estate 298,Barossa Valley,Australia
Grand Cru Blend 981,Barossa Valley,Australia
Classic Vineyard 423,Casablanca Valley,Chile
Reserve Valley 201,Casablanca Valley,Chile
Select Valley 266,Barossa Valley,Australia
Reserve Valley 331,Colchagua Valley,Chile
Classic Vineyard 769,Maipo Valley,Chile
Grand Cru Estate 238,Salta,Argentina
Select Cuvée 378,Barossa Valley,Australia
Classic Valley 769,Alentejo,Portugal
Reserve Estate 268,Salta,Argentina
Vintage Valley 365,Maipo Valley,Chile
Grand Cru Blend 819,Maipo Valley,Chile
Grand Cru Blend 358,Patagonia,Argentina
Select Cuvée 931,Salta,Argentina
Reserve Blend 763,Patagonia,Argentina
Vintage Estate 333,Douro,Portugal
Vintage Valley 430,Mendoza,Argentina
Reserve Vineyard 652,Yarra Valley,Australia
Select Vineyard 702,Pfalz,Germany
Select Estate 993,Salta,Argentina
Reserve Blend 564,Maipo Valley,Chile
Classic Cuvée 957,Alentejo,Portugal
Reserve Blend 470,Casablanca Valley,Chile
Vintage Blend 409,Maipo Valley,Chile
Reserve Valley 268,Barossa Valley,Australia
Reserve Cuvée 809,Casablanca Valley,Chile
Classic Estate 570,Maipo Valley,Chile
Reserve Blend 289,Colchagua Valley,Chile
Grand Cru Blend 733,Madeira,Portugal
Select Estate 779,Barossa Valley,Australia
Select Blend 286,Casablanca Valley,Chile
Reserve Cuvée 648,Rheingau,Germany
Vintage Blend 323,Maipo Valley,Chile
Select Cuvée 415,Alentejo,Portugal
Classic Valley 521,Maipo Valley,Chile
Grand Cru Valley 469,Pfalz,Germany
Classic Valley 964,Salta,Argentina
Vintage Estate 334,Yarra Valley,Australia
Classic Vineyard 318,Mendoza,Argentina
Reserve Estate 904,Casablanca Valley,Chile
Select Blend 617,Mendoza,Argentina
Vintage Cuvée 190,Alentejo,Portugal
Select Estate 126,Casablanca Valley,Chile
Select Blend 625,Barossa Valley,Australia
Grand Cru Blend 203,Yarra Valley,Australia
Classic Vineyard 759,Hunter Valley,Australia
Reserve Blend 925,Pfalz,Germany
Grand Cru Cuvée 107,Maipo Valley,Chile
Grand Cru Blend 911,Colchagua Valley,Chile
Select Vineyard 669,Maipo Valley,Chile
Select Cuvée 490,Maipo Valley,Chile
Reserve Estate 729,Mosel,Germany
Reserve Cuvée 513,Pfalz,Germany
Select Vineyard 577,Pfalz,Germany
Vintage Blend 198,Mosel,Germany
Grand Cru Vineyard 431,Barossa Valley,Australia
Classic Cuvée 807,Mosel,Germany
Grand Cru Vineyard 570,Pfalz,Germany
Grand Cru Blend 337,Madeira,Portugal
Vintage Vineyard 867,Alentejo,Portugal
Select Vineyard 445,Barossa Valley,Australia
Vintage Valley 716,Alentejo,Portugal
Classic Valley 288,Madeira,Portugal
Vintage Vineyard 461,Rheingau,Germany
Reserve Cuvée 594,Mosel,Germany
Reserve Blend 693,Barossa Valley,Australia
Grand Cru Cuvée 808,Yarra Valley,Australia
Reserve Valley 233,Barossa Valley,Australia
Vintage Valley 915,Mendoza,Argentina
Reserve Cuvée 147,Maipo Valley,Chile
Classic Vineyard 624,Patagonia,Argentina
Grand Cru Vineyard 399,Maipo Valley,Chile
Classic Valley 550,Rheingau,Germany
Classic Estate 673,Hunter Valley,Australia
Grand Cru Vineyard 697,Hunter Valley,Australia
Select Cuvée 129,Casablanca Valley,Chile
Select Cuvée 895,Colchagua Valley,Chile
Grand Cru Estate 368,Mosel,Germany
Grand Cru Estate 207,Casablanca Valley,Chile
Vintage Estate 958,Mosel,Germany
Select Vineyard 442,Madeira,Portugal
Select Vineyard 605,Rheingau,Germany
Select Cuvée 746,Mosel,Germany
Select Cuvée 915,Colchagua Valley,Chile
Classic Valley 251,Hunter Valley,Australia
Classic Estate 266,Mendoza,Argentina
Vintage Estate 781,Salta,Argentina
Classic Vineyard 881,Maipo Valley,Chile
Select Vineyard 516,Salta,Argentina
Vintage Estate 596,Casablanca Valley,Chile
Select Blend 117,Maipo Valley,Chile
Classic Vineyard 288,Maipo Valley,Chile
Select Cuvée 565,Colchagua Valley,Chile
Vintage Cuvée 646,Maipo Valley,Chile
Classic Valley 691,Rheingau,Germany
Grand Cru Blend 220,Hunter Valley,Australia
Grand Cru Estate 499,Mendoza,Argentina
Classic Blend 716,Alentejo,Portugal
Grand Cru Estate 912,Maipo Valley,Chile
Grand Cru Cuvée 327,Patagonia,Argentina
Grand Cru Vineyard 490,Yarra Valley,Australia
Reserve Valley 146,Casablanca Valley,Chile
Classic Estate 726,Madeira,Portugal
Classic Vineyard 153,Mosel,Germany
Reserve Valley 572,Hunter Valley,Australia
Select Valley 167,Barossa Valley,Australia
Classic Blend 841,Mosel,Germany
Classic Vineyard 746,Colchagua Valley,Chile
Vintage Blend 116,Madeira,Portugal
Reserve Estate 435,Rheingau,Germany
Vintage Cuvée 383,Madeira,Portugal
Select Estate 165,Yarra Valley,Australia
Reserve Vineyard 547,Maipo Valley,Chile
Vintage Cuvée 131,Mosel,Germany
Vintage Blend 891,Alentejo,Portugal
Reserve Estate 366,Mosel,Germany
Select Blend 485,Madeira,Portugal
Grand Cru Estate 411,Madeira,Portugal
Select Blend 876,Rheingau,Germany
Grand Cru Blend 149,Salta,Argentina
Reserve Blend 556,Salta,Argentina
Vintage Estate 869,Maipo Valley,Chile
Reserve Estate 245,Yarra Valley,Australia
Classic Blend 583,Douro,Portugal
Grand Cru Estate 203,Hunter Valley,Australia
Select Valley 179,Patagonia,Argentina
Classic Blend 974,Douro,Portugal
Reserve Estate 739,Salta,Argentina
Reserve Estate 176,Barossa Valley,Australia
Vintage Vineyard 689,Colchagua Valley,Chile
Vintage Valley 222,Pfalz,Germany
Grand Cru Cuvée 830,Barossa Valley,Australia
Select Blend 893,Mendoza,Argentina
Vintage Valley 978,Patagonia,Argentina
Grand Cru Valley 526,Rheingau,Germany
Reserve Vineyard 584,Salta,Argentina
Select Vineyard 799,Barossa Valley,Australia
Select Blend 667,Colchagua Valley,Chile
Classic Vineyard 778,Mosel,Germany
Grand Cru Vineyard 164,Alentejo,Portugal
Select Estate 612,Yarra Valley,Australia
Reserve Blend 736,Casablanca Valley,Chile
Classic Cuvée 119,Maipo Valley,Chile
Vintage Cuvée 318,Patagonia,Argentina
Classic Estate 661,Casablanca Valley,Chile
Vintage Blend 246,Mosel,Germany
Reserve Vineyard 928,Colchagua Valley,Chile
Reserve Valley 905,Salta,Argentina
Reserve Vineyard 576,Casablanca Valley,Chile
Vintage Blend 189,Alentejo,Portugal
Reserve Valley 951,Alentejo,Portugal
Grand Cru Vineyard 890,Rheingau,Germany
Select Estate 491,Barossa Valley,Australia
Classic Vineyard 165,Colchagua Valley,Chile
Select Estate 240,Maipo Valley,Chile
Select Valley 946,Pfalz,Germany
Classic Estate 908,Madeira,Portugal
Grand Cru Cuvée 148,Salta,Argentina
Select Valley 396,Pfalz,Germany
Select Estate 436,Alentejo,Portugal
Select Vineyard 592,Barossa Valley,Australia
Classic Estate 562,Mendoza,Argentina
Vintage Blend 993,Douro,Portugal
Classic Estate 213,Mendoza,Argentina
Classic Blend 226,Maipo Valley,Chile
Vintage Vineyard 995,Salta,Argentina
Vintage Valley 649,Maipo Valley,Chile
Grand Cru Vineyard 721,Hunter Valley,Australia
Grand Cru Estate 908,Patagonia,Argentina
Select Vineyard 929,Yarra Valley,Australia
Select Vineyard 287,Barossa Valley,Australia
Vintage Estate 383,Salta,Argentina
Select Estate 467,Colchagua Valley,Chile
Grand Cru Valley 782,Colchagua Valley,Chile
Reserve Valley 783,Casablanca Valley,Chile
Vintage Cuvée 115,Mosel,Germany
Classic Vineyard 200,Yarra Valley,Australia
Select Valley 166,Madeira,Portugal
Grand Cru Estate 186,Casablanca Valley,Chile
Classic Cuvée 732,Casablanca Valley,Chile
Reserve Cuvée 251,Barossa Valley,Australia
Reserve Blend 927,Mosel,Germany
Reserve Blend 959,Douro,Portugal
Reserve Blend 492,Alentejo,Portugal
Vintage Cuvée 137,Alentejo,Portugal
Reserve Vineyard 202,Pfalz,Germany
Grand Cru Vineyard 160,Colchagua Valley,Chile
Vintage Valley 723,Rheingau,Germany
Reserve Valley 860,Yarra Valley,Australia
Vintage Blend 642,Rheingau,Germany
Classic Estate 289,Barossa Valley,Australia
Classic Vineyard 179,Rheingau,Germany
Vintage Cuvée 335,Patagonia,Argentina
Select Estate 694,Rheingau,Germany
Classic Valley 301,Madeira,Portugal
Grand Cru Estate 239,Mendoza,Argentina
Vintage Cuvée 687,Patagonia,Argentina
Select Vineyard 899,Salta,Argentina
Select Cuvée 930,Douro,Portugal
Select Blend 509,Mendoza,Argentina
Select Vineyard 971,Douro,Portugal
Classic Blend 181,Yarra Valley,Australia
Reserve Blend 762,Rheingau,Germany
Reserve Estate 925,Salta,Argentina
Select Cuvée 167,Yarra Valley,Australia
Classic Blend 501,Alentejo,Portugal
Classic Valley 811,Casablanca Valley,Chile
Select Estate 651,Alentejo,Portugal
Reserve Vineyard 441,Pfalz,Germany
Grand Cru Valley 428,Maipo Valley,Chile
Classic Vineyard 546,Madeira,Portugal
Classic Valley 340,Douro,Portugal
Grand Cru Valley 272,Madeira,Portugal
Classic Estate 267,Madeira,Portugal
Select Blend 536,Colchagua Valley,Chile
Classic Valley 793,Colchagua Valley,Chile
Classic Cuvée 694,Casablanca Valley,Chile
Classic Cuvée 182,Madeira,Portugal
Select Blend 595,Barossa Valley,Australia
Reserve Blend 237,Maipo Valley,Chile
Grand Cru Estate 934,Alentejo,Portugal
Vintage Blend 416,Mendoza,Argentina
Select Blend 887,Colchagua Valley,Chile
Reserve Vineyard 800,Madeira,Portugal
Grand Cru Valley 367,Yarra Valley,Australia
Grand Cru Blend 312,Colchagua Valley,Chile
Reserve Cuvée 574,Salta,Argentina
Vintage Estate 447,Maipo Valley,Chile
Reserve Blend 328,Casablanca Valley,Chile
Vintage Valley 742,Colchagua Valley,Chile
Grand Cru Estate 635,Maipo Valley,Chile
Grand Cru Cuvée 771,Salta,Argentina
Vintage Valley 932,Pfalz,Germany
Select Valley 752,Mosel,Germany
Classic Vineyard 290,Barossa Valley,Australia
Vintage Cuvée 768,Mosel,Germany
Select Cuvée 880,Mosel,Germany
Select Estate 568,Maipo Valley,Chile
Vintage Valley 838,Barossa Valley,Australia
Classic Valley 535,Barossa Valley,Australia
Vintage Estate 749,Hunter Valley,Australia
Reserve Cuvée 296,Casablanca Valley,Chile
Vintage Blend 710,Mosel,Germany
Reserve Cuvée 906,Douro,Portugal
Grand Cru Blend 540,Mendoza,Argentina
Reserve Valley 832,Maipo Valley,Chile
Reserve Valley 372,Madeira,Portugal
Select Valley 334,Rheingau,Germany
Vintage Blend 209,Yarra Valley,Australia
Select Cuvée 255,Alentejo,Portugal
Reserve Blend 241,Barossa Valley,Australia
Classic Vineyard 479,Mendoza,Argentina
Classic Valley 415,Pfalz,Germany
Vintage Vineyard 337,Pfalz,Germany
Classic Estate 788,Pfalz,Germany
Grand Cru Estate 760,Mosel,Germany
Classic Vineyard 846,Pfalz,Germany
Select Estate 454,Hunter Valley,Australia
Classic Vineyard 269,Alentejo,Portugal
Select Cuvée 155,Colchagua Valley,Chile
Grand Cru Estate 103,Madeira,Portugal
Select Blend 296,Rheingau,Germany
Reserve Estate 888,Alentejo,Portugal
Grand Cru Valley 609,Pfalz,Germany
Classic Cuvée 920,Alentejo,Portugal
Select Blend 875,Hunter Valley,Australia
Grand Cru Estate 112,Colchagua Valley,Chile
Reserve Valley 232,Douro,Portugal
Classic Cuvée 884,Colchagua Valley,Chile
Reserve Blend 160,Colchagua Valley,Chile
Reserve Cuvée 404,Yarra Valley,Australia
Vintage Vineyard 992,Alentejo,Portugal
Select Valley 642,Alentejo,Portugal
Grand Cru Vineyard 954,Barossa Valley,Australia
Classic Vineyard 400,Madeira,Portugal
Classic Vineyard 648,Yarra Valley,Australia
Reserve Vineyard 544,Douro,Portugal
Vintage Blend 428,Alentejo,Portugal
Select Valley 457,Mosel,Germany
Grand Cru Estate 347,Salta,Argentina
Vintage Estate 462,Pfalz,Germany
Vintage Vineyard 997,Barossa Valley,Australia
Select Estate 417,Mendoza,Argentina
Reserve Vineyard 543,Madeira,Portugal
Reserve Estate 275,Mendoza,Argentina
Select Blend 492,Madeira,Portugal
Select Vineyard 524,Casablanca Valley,Chile
Vintage Vineyard 720,Colchagua Valley,Chile
Select Blend 851,Yarra Valley,Australia
Vintage Valley 518,Alentejo,Portugal
Vintage Vineyard 206,Mosel,Germany
Select Vineyard 424,Salta,Argentina
Reserve Cuvée 552,Maipo Valley,Chile
Grand Cru Blend 918,Salta,Argentina
Grand Cru Cuvée 809,Salta,Argentina
Vintage Vineyard 633,Mendoza,Argentina
Vintage Estate 939,Douro,Portugal
Grand Cru Cuvée 680,Colchagua Valley,Chile
Reserve Vineyard 591,Pfalz,Germany
Grand Cru Valley 852,Barossa Valley,Australia
Reserve Blend 306,Hunter Valley,Australia
Reserve Valley 428,Rheingau,Germany
Grand Cru Cuvée 764,Yarra Valley,Australia
Select Cuvée 784,Casablanca Valley,Chile
Select Cuvée 145,Rheingau,Germany
Reserve Valley 815,Casablanca Valley,Chile
Grand Cru Cuvée 721,Alentejo,Portugal
Grand Cru Vineyard 299,Rheingau,Germany
Classic Blend 926,Mendoza,Argentina
Grand Cru Valley 656,Patagonia,Argentina
Vintage Blend 161,Maipo Valley,Chile
Classic Vineyard 853,Salta,Argentina
Reserve Cuvée 636,Mendoza,Argentina
Vintage Cuvée 162,Casablanca Valley,Chile
Reserve Cuvée 763,Maipo Valley,Chile
Select Valley 374,Patagonia,Argentina
Grand Cru Estate 323,Mendoza,Argentina
Grand Cru Cuvée 618,Patagonia,Argentina
Select Blend 308,Salta,Argentina
Reserve Vineyard 189,Mosel,Germany
Classic Blend 813,Pfalz,Germany
Classic Blend 513,Colchagua Valley,Chile
Reserve Blend 350,Salta,Argentina
Grand Cru Blend 292,Rheingau,Germany
Grand Cru Vineyard 483,Rheingau,Germany
Reserve Cuvée 344,Alentejo,Portugal
Classic Cuvée 415,Douro,Portugal
Classic Vineyard 961,Rheingau,Germany
Classic Vineyard 668,Colchagua Valley,Chile
Vintage Vineyard 197,Colchagua Valley,Chile
Reserve Blend 801,Salta,Argentina
Reserve Cuvée 243,Casablanca Valley,Chile
Grand Cru Vineyard 857,Mendoza,Argentina
Select Estate 155,Salta,Argentina
Reserve Estate 420,Casablanca Valley,Chile
Grand Cru Valley 466,Hunter Valley,Australia
Select Cuvée 195,Pfalz,Germany
Select Valley 162,Maipo Valley,Chile
Reserve Estate 578,Colchagua Valley,Chile
Classic Blend 376,Mendoza,Argentina
Classic Cuvée 953,Casablanca Valley,Chile
Classic Blend 563,Barossa Valley,Australia
Grand Cru Estate 892,Mosel,Germany
Grand Cru Valley 702,Rheingau,Germany
Classic Valley 740,Douro,Portugal
Select Blend 344,Douro,Portugal
Reserve Blend 799,Rheingau,Germany
Select Cuvée 952,Mendoza,Argentina
Grand Cru Valley 950,Hunter Valley,Australia
Reserve Cuvée 877,Yarra Valley,Australia
Select Cuvée 409,Colchagua Valley,Chile
Vintage Estate 211,Mosel,Germany
Reserve Estate 466,Rheingau,Germany
Vintage Blend 732,Alentejo,Portugal
Classic Vineyard 370,Salta,Argentina
Reserve Vineyard 420,Pfalz,Germany
Grand Cru Blend 933,Mosel,Germany
Grand Cru Valley 650,Casablanca Valley,Chile
Reserve Estate 573,Hunter Valley,Australia
Select Estate 179,Patagonia,Argentina
Grand Cru Valley 369,Rheingau,Germany
Reserve Vineyard 484,Douro,Portugal
Vintage Vineyard 765,Yarra Valley,Australia
Classic Estate 556,Barossa Valley,Australia
Grand Cru Blend 216,Madeira,Portugal
Classic Estate 369,Pfalz,Germany
Grand Cru Cuvée 104,Patagonia,Argentina
Select Cuvée 217,Pfalz,Germany
Classic Estate 876,Patagonia,Argentina
Classic Blend 527,Pfalz,Germany
Select Blend 300,Maipo Valley,Chile
Select Vineyard 875,Douro,Portugal
Reserve Valley 533,Mosel,Germany
Classic Cuvée 108,Maipo Valley,Chile
Vintage Cuvée 880,Barossa Valley,Australia